{"cameraMode":{"drawMode":0,"name":"Shaded","section":"Shading Mode"},"sceneLighting":true,"audioPlay":false,"sceneViewState":{"m_AlwaysRefresh":false,"showFog":true,"showSkybox":true,"showFlares":true,"showImageEffects":true,"showParticleSystems":true,"showVisualEffectGraphs":true,"m_FxEnabled":true},"in2DMode":false,"pivot":{"x":0.018231702968478204,"y":-0.0696081891655922,"z":-129.988037109375},"rotation":{"x":-0.004959150217473507,"y":0.5631625056266785,"z":-0.003377854824066162,"w":-0.8263697624206543},"size":1.5294748544692994,"orthographic":true}