{"cameraMode":{"drawMode":0,"name":"Shaded","section":"Shading Mode"},"sceneLighting":true,"audioPlay":false,"sceneViewState":{"m_AlwaysRefresh":false,"showFog":true,"showSkybox":true,"showFlares":true,"showImageEffects":true,"showParticleSystems":true,"showVisualEffectGraphs":true,"m_FxEnabled":true},"in2DMode":false,"pivot":{"x":35.22075653076172,"y":-0.3485431671142578,"z":-88.47055053710938},"rotation":{"x":0.039957381784915927,"y":0.9163801670074463,"z":-0.09463038295507431,"w":0.38700446486473086},"size":68.80302429199219,"orthographic":false}