{"cameraMode":{"drawMode":0,"name":"Shaded","section":"Shading Mode"},"sceneLighting":true,"audioPlay":false,"sceneViewState":{"m_AlwaysRefresh":false,"showFog":true,"showSkybox":true,"showFlares":true,"showImageEffects":true,"showParticleSystems":true,"showVisualEffectGraphs":true,"m_FxEnabled":true},"in2DMode":false,"pivot":{"x":2.4804673194885256,"y":1.2391412258148194,"z":-22.552284240722658},"rotation":{"x":-0.0012090386589989067,"y":0.998533308506012,"z":0.025168398395180703,"w":0.047966402024030688},"size":3.939236879348755,"orthographic":true}